id,label
20800,0.0
20801,1.0
20802,1.0
20803,0.0
20804,1.0
20805,1.0
20806,0.0
20807,0.0
20808,1.0
20809,0.0
20810,0.0
20811,1.0
20812,1.0
20813,1.0
20814,1.0
20815,0.0
20816,0.0
20817,0.0
20818,1.0
20819,0.0
20820,1.0
20821,1.0
20822,1.0
20823,1.0
20824,1.0
20825,0.0
20826,1.0
20827,0.0
20828,0.0
20829,1.0
20830,0.0
20831,1.0
20832,0.0
20833,0.0
20834,1.0
20835,0.0
20836,0.0
20837,1.0
20838,1.0
20839,0.0
20840,0.0
20841,0.0
20842,1.0
20843,0.0
20844,0.0
20845,1.0
20846,0.0
20847,0.0
20848,1.0
20849,1.0
20850,0.0
20851,1.0
20852,0.0
20853,0.0
20854,1.0
20855,0.0
20856,1.0
20857,0.0
20858,0.0
20859,0.0
20860,1.0
20861,0.0
20862,1.0
20863,0.0
20864,0.0
20865,1.0
20866,1.0
20867,1.0
20868,1.0
20869,0.0
20870,0.0
20871,1.0
20872,1.0
20873,0.0
20874,0.0
20875,0.0
20876,0.0
20877,0.0
20878,1.0
20879,0.0
20880,0.0
20881,1.0
20882,0.0
20883,1.0
20884,1.0
20885,1.0
20886,0.0
20887,0.0
20888,0.0
20889,1.0
20890,1.0
20891,0.0
20892,1.0
20893,1.0
20894,1.0
20895,0.0
20896,0.0
20897,0.0
20898,1.0
20899,1.0
20900,0.0
20901,1.0
20902,0.0
20903,0.0
20904,0.0
20905,0.0
20906,1.0
20907,0.0
20908,1.0
20909,1.0
20910,1.0
20911,1.0
20912,0.0
20913,0.0
20914,0.0
20915,0.0
20916,0.0
20917,1.0
20918,0.0
20919,1.0
20920,0.0
20921,0.0
20922,1.0
20923,0.0
20924,0.0
20925,1.0
20926,1.0
20927,0.0
20928,0.0
20929,0.0
20930,1.0
20931,0.0
20932,1.0
20933,0.0
20934,0.0
20935,0.0
20936,0.0
20937,1.0
20938,1.0
20939,1.0
20940,1.0
20941,0.0
20942,1.0
20943,1.0
20944,1.0
20945,0.0
20946,1.0
20947,1.0
20948,0.0
20949,0.0
20950,1.0
20951,0.0
20952,0.0
20953,1.0
20954,0.0
20955,1.0
20956,0.0
20957,1.0
20958,0.0
20959,1.0
20960,1.0
20961,1.0
20962,1.0
20963,1.0
20964,0.0
20965,1.0
20966,0.0
20967,0.0
20968,1.0
20969,0.0
20970,0.0
20971,0.0
20972,0.0
20973,1.0
20974,0.0
20975,0.0
20976,0.0
20977,0.0
20978,0.0
20979,0.0
20980,0.0
20981,0.0
20982,0.0
20983,1.0
20984,0.0
20985,1.0
20986,1.0
20987,0.0
20988,1.0
20989,0.0
20990,1.0
20991,0.0
20992,0.0
20993,0.0
20994,1.0
20995,1.0
20996,1.0
20997,0.0
20998,1.0
20999,0.0
21000,0.0
21001,0.0
21002,0.0
21003,1.0
21004,1.0
21005,1.0
21006,1.0
21007,1.0
21008,0.0
21009,0.0
21010,0.0
21011,1.0
21012,1.0
21013,0.0
21014,1.0
21015,1.0
21016,1.0
21017,0.0
21018,0.0
21019,1.0
21020,0.0
21021,1.0
21022,0.0
21023,0.0
21024,0.0
21025,1.0
21026,1.0
21027,1.0
21028,0.0
21029,0.0
21030,0.0
21031,0.0
21032,1.0
21033,1.0
21034,1.0
21035,1.0
21036,1.0
21037,1.0
21038,1.0
21039,0.0
21040,1.0
21041,1.0
21042,0.0
21043,1.0
21044,1.0
21045,0.0
21046,0.0
21047,1.0
21048,0.0
21049,1.0
21050,1.0
21051,1.0
21052,1.0
21053,0.0
21054,1.0
21055,0.0
21056,0.0
21057,1.0
21058,0.0
21059,1.0
21060,0.0
21061,1.0
21062,1.0
21063,0.0
21064,1.0
21065,1.0
21066,1.0
21067,1.0
21068,0.0
21069,1.0
21070,0.0
21071,0.0
21072,1.0
21073,1.0
21074,0.0
21075,0.0
21076,0.0
21077,0.0
21078,0.0
21079,1.0
21080,1.0
21081,1.0
21082,0.0
21083,1.0
21084,1.0
21085,0.0
21086,0.0
21087,1.0
21088,0.0
21089,1.0
21090,0.0
21091,0.0
21092,0.0
21093,1.0
21094,1.0
21095,1.0
21096,1.0
21097,0.0
21098,0.0
21099,0.0
21100,0.0
21101,0.0
21102,1.0
21103,1.0
21104,1.0
21105,0.0
21106,1.0
21107,1.0
21108,0.0
21109,0.0
21110,0.0
21111,0.0
21112,0.0
21113,0.0
21114,1.0
21115,1.0
21116,0.0
21117,1.0
21118,0.0
21119,1.0
21120,0.0
21121,0.0
21122,0.0
21123,0.0
21124,0.0
21125,1.0
21126,1.0
21127,0.0
21128,0.0
21129,1.0
21130,1.0
21131,0.0
21132,1.0
21133,1.0
21134,0.0
21135,1.0
21136,1.0
21137,0.0
21138,0.0
21139,0.0
21140,1.0
21141,0.0
21142,1.0
21143,0.0
21144,1.0
21145,0.0
21146,0.0
21147,1.0
21148,0.0
21149,1.0
21150,0.0
21151,0.0
21152,1.0
21153,1.0
21154,0.0
21155,1.0
21156,1.0
21157,1.0
21158,0.0
21159,0.0
21160,1.0
21161,0.0
21162,0.0
21163,1.0
21164,1.0
21165,0.0
21166,1.0
21167,1.0
21168,0.0
21169,0.0
21170,0.0
21171,1.0
21172,0.0
21173,0.0
21174,1.0
21175,0.0
21176,1.0
21177,1.0
21178,0.0
21179,0.0
21180,0.0
21181,1.0
21182,1.0
21183,0.0
21184,1.0
21185,1.0
21186,0.0
21187,1.0
21188,0.0
21189,0.0
21190,1.0
21191,1.0
21192,0.0
21193,1.0
21194,0.0
21195,0.0
21196,0.0
21197,0.0
21198,0.0
21199,0.0
21200,0.0
21201,0.0
21202,0.0
21203,0.0
21204,1.0
21205,0.0
21206,0.0
21207,1.0
21208,0.0
21209,0.0
21210,1.0
21211,0.0
21212,0.0
21213,0.0
21214,0.0
21215,0.0
21216,0.0
21217,0.0
21218,0.0
21219,0.0
21220,0.0
21221,0.0
21222,1.0
21223,0.0
21224,1.0
21225,1.0
21226,0.0
21227,1.0
21228,0.0
21229,0.0
21230,0.0
21231,1.0
21232,0.0
21233,1.0
21234,0.0
21235,0.0
21236,0.0
21237,1.0
21238,1.0
21239,0.0
21240,1.0
21241,0.0
21242,1.0
21243,0.0
21244,0.0
21245,1.0
21246,0.0
21247,1.0
21248,0.0
21249,0.0
21250,1.0
21251,1.0
21252,1.0
21253,1.0
21254,0.0
21255,0.0
21256,0.0
21257,0.0
21258,1.0
21259,0.0
21260,0.0
21261,0.0
21262,0.0
21263,1.0
21264,0.0
21265,0.0
21266,0.0
21267,0.0
21268,0.0
21269,0.0
21270,0.0
21271,0.0
21272,0.0
21273,0.0
21274,1.0
21275,0.0
21276,1.0
21277,1.0
21278,0.0
21279,1.0
21280,0.0
21281,0.0
21282,1.0
21283,0.0
21284,0.0
21285,0.0
21286,0.0
21287,0.0
21288,0.0
21289,0.0
21290,0.0
21291,0.0
21292,0.0
21293,1.0
21294,0.0
21295,0.0
21296,0.0
21297,1.0
21298,0.0
21299,1.0
21300,1.0
21301,0.0
21302,0.0
21303,0.0
21304,1.0
21305,1.0
21306,0.0
21307,0.0
21308,0.0
21309,0.0
21310,1.0
21311,1.0
21312,1.0
21313,0.0
21314,0.0
21315,1.0
21316,1.0
21317,0.0
21318,0.0
21319,0.0
21320,1.0
21321,0.0
21322,1.0
21323,1.0
21324,1.0
21325,1.0
21326,0.0
21327,0.0
21328,1.0
21329,1.0
21330,1.0
21331,1.0
21332,0.0
21333,0.0
21334,1.0
21335,0.0
21336,1.0
21337,0.0
21338,1.0
21339,0.0
21340,1.0
21341,1.0
21342,1.0
21343,1.0
21344,0.0
21345,1.0
21346,0.0
21347,0.0
21348,1.0
21349,0.0
21350,0.0
21351,1.0
21352,0.0
21353,1.0
21354,1.0
21355,0.0
21356,1.0
21357,0.0
21358,0.0
21359,1.0
21360,0.0
21361,1.0
21362,0.0
21363,0.0
21364,1.0
21365,1.0
21366,0.0
21367,1.0
21368,1.0
21369,0.0
21370,1.0
21371,0.0
21372,0.0
21373,0.0
21374,1.0
21375,0.0
21376,0.0
21377,1.0
21378,0.0
21379,0.0
21380,0.0
21381,0.0
21382,1.0
21383,1.0
21384,0.0
21385,1.0
21386,1.0
21387,1.0
21388,0.0
21389,1.0
21390,1.0
21391,1.0
21392,0.0
21393,0.0
21394,0.0
21395,0.0
21396,0.0
21397,0.0
21398,0.0
21399,0.0
21400,1.0
21401,0.0
21402,1.0
21403,1.0
21404,0.0
21405,0.0
21406,0.0
21407,1.0
21408,0.0
21409,0.0
21410,1.0
21411,1.0
21412,0.0
21413,0.0
21414,0.0
21415,1.0
21416,1.0
21417,0.0
21418,0.0
21419,1.0
21420,1.0
21421,0.0
21422,1.0
21423,0.0
21424,0.0
21425,0.0
21426,1.0
21427,0.0
21428,1.0
21429,0.0
21430,0.0
21431,1.0
21432,0.0
21433,1.0
21434,1.0
21435,0.0
21436,0.0
21437,1.0
21438,0.0
21439,1.0
21440,0.0
21441,1.0
21442,1.0
21443,1.0
21444,0.0
21445,1.0
21446,1.0
21447,0.0
21448,0.0
21449,1.0
21450,1.0
21451,1.0
21452,0.0
21453,0.0
21454,0.0
21455,1.0
21456,0.0
21457,1.0
21458,0.0
21459,0.0
21460,1.0
21461,1.0
21462,0.0
21463,0.0
21464,0.0
21465,0.0
21466,0.0
21467,0.0
21468,1.0
21469,0.0
21470,0.0
21471,1.0
21472,0.0
21473,0.0
21474,0.0
21475,0.0
21476,1.0
21477,1.0
21478,0.0
21479,1.0
21480,1.0
21481,0.0
21482,1.0
21483,0.0
21484,0.0
21485,1.0
21486,0.0
21487,1.0
21488,1.0
21489,0.0
21490,0.0
21491,0.0
21492,1.0
21493,1.0
21494,0.0
21495,0.0
21496,1.0
21497,0.0
21498,1.0
21499,0.0
21500,0.0
21501,0.0
21502,0.0
21503,1.0
21504,1.0
21505,1.0
21506,1.0
21507,0.0
21508,0.0
21509,0.0
21510,0.0
21511,1.0
21512,0.0
21513,1.0
21514,0.0
21515,0.0
21516,1.0
21517,1.0
21518,0.0
21519,0.0
21520,0.0
21521,0.0
21522,1.0
21523,1.0
21524,1.0
21525,0.0
21526,0.0
21527,0.0
21528,0.0
21529,0.0
21530,0.0
21531,0.0
21532,0.0
21533,0.0
21534,0.0
21535,0.0
21536,0.0
21537,1.0
21538,1.0
21539,0.0
21540,1.0
21541,1.0
21542,0.0
21543,0.0
21544,0.0
21545,0.0
21546,0.0
21547,0.0
21548,0.0
21549,0.0
21550,1.0
21551,0.0
21552,1.0
21553,1.0
21554,0.0
21555,1.0
21556,0.0
21557,0.0
21558,1.0
21559,1.0
21560,0.0
21561,0.0
21562,0.0
21563,0.0
21564,1.0
21565,0.0
21566,0.0
21567,1.0
21568,0.0
21569,0.0
21570,0.0
21571,1.0
21572,0.0
21573,1.0
21574,0.0
21575,0.0
21576,0.0
21577,1.0
21578,1.0
21579,1.0
21580,1.0
21581,1.0
21582,1.0
21583,1.0
21584,1.0
21585,1.0
21586,0.0
21587,0.0
21588,0.0
21589,0.0
21590,0.0
21591,0.0
21592,0.0
21593,1.0
21594,0.0
21595,0.0
21596,0.0
21597,1.0
21598,0.0
21599,0.0
21600,0.0
21601,0.0
21602,0.0
21603,1.0
21604,0.0
21605,0.0
21606,0.0
21607,1.0
21608,0.0
21609,1.0
21610,1.0
21611,1.0
21612,1.0
21613,0.0
21614,1.0
21615,0.0
21616,0.0
21617,0.0
21618,1.0
21619,0.0
21620,0.0
21621,1.0
21622,0.0
21623,1.0
21624,0.0
21625,0.0
21626,0.0
21627,1.0
21628,1.0
21629,1.0
21630,0.0
21631,1.0
21632,0.0
21633,1.0
21634,0.0
21635,1.0
21636,0.0
21637,1.0
21638,1.0
21639,1.0
21640,1.0
21641,1.0
21642,0.0
21643,0.0
21644,0.0
21645,1.0
21646,0.0
21647,0.0
21648,0.0
21649,1.0
21650,1.0
21651,1.0
21652,1.0
21653,0.0
21654,1.0
21655,0.0
21656,0.0
21657,1.0
21658,1.0
21659,0.0
21660,0.0
21661,1.0
21662,0.0
21663,1.0
21664,0.0
21665,1.0
21666,0.0
21667,1.0
21668,1.0
21669,0.0
21670,1.0
21671,0.0
21672,0.0
21673,1.0
21674,0.0
21675,0.0
21676,0.0
21677,1.0
21678,1.0
21679,0.0
21680,0.0
21681,1.0
21682,0.0
21683,1.0
21684,1.0
21685,1.0
21686,1.0
21687,1.0
21688,1.0
21689,1.0
21690,1.0
21691,0.0
21692,1.0
21693,0.0
21694,0.0
21695,1.0
21696,0.0
21697,0.0
21698,0.0
21699,1.0
21700,1.0
21701,0.0
21702,0.0
21703,0.0
21704,0.0
21705,1.0
21706,0.0
21707,1.0
21708,1.0
21709,0.0
21710,0.0
21711,0.0
21712,1.0
21713,1.0
21714,1.0
21715,1.0
21716,0.0
21717,0.0
21718,1.0
21719,0.0
21720,0.0
21721,0.0
21722,1.0
21723,0.0
21724,0.0
21725,1.0
21726,1.0
21727,0.0
21728,0.0
21729,0.0
21730,1.0
21731,0.0
21732,1.0
21733,1.0
21734,0.0
21735,1.0
21736,0.0
21737,0.0
21738,1.0
21739,0.0
21740,1.0
21741,1.0
21742,1.0
21743,0.0
21744,1.0
21745,0.0
21746,1.0
21747,1.0
21748,1.0
21749,1.0
21750,1.0
21751,0.0
21752,0.0
21753,0.0
21754,0.0
21755,0.0
21756,1.0
21757,1.0
21758,0.0
21759,0.0
21760,1.0
21761,0.0
21762,0.0
21763,1.0
21764,0.0
21765,1.0
21766,0.0
21767,0.0
21768,0.0
21769,1.0
21770,0.0
21771,0.0
21772,0.0
21773,0.0
21774,1.0
21775,0.0
21776,0.0
21777,0.0
21778,1.0
21779,0.0
21780,0.0
21781,0.0
21782,1.0
21783,1.0
21784,1.0
21785,1.0
21786,0.0
21787,0.0
21788,0.0
21789,1.0
21790,1.0
21791,0.0
21792,0.0
21793,0.0
21794,1.0
21795,0.0
21796,1.0
21797,0.0
21798,1.0
21799,0.0
21800,0.0
21801,1.0
21802,0.0
21803,1.0
21804,0.0
21805,0.0
21806,0.0
21807,0.0
21808,1.0
21809,0.0
21810,1.0
21811,1.0
21812,0.0
21813,0.0
21814,1.0
21815,0.0
21816,1.0
21817,0.0
21818,1.0
21819,0.0
21820,0.0
21821,1.0
21822,0.0
21823,0.0
21824,0.0
21825,0.0
21826,0.0
21827,1.0
21828,1.0
21829,1.0
21830,1.0
21831,1.0
21832,0.0
21833,0.0
21834,1.0
21835,1.0
21836,0.0
21837,1.0
21838,0.0
21839,1.0
21840,1.0
21841,1.0
21842,0.0
21843,0.0
21844,1.0
21845,0.0
21846,0.0
21847,1.0
21848,1.0
21849,1.0
21850,1.0
21851,0.0
21852,0.0
21853,1.0
21854,1.0
21855,0.0
21856,0.0
21857,1.0
21858,0.0
21859,0.0
21860,0.0
21861,1.0
21862,1.0
21863,1.0
21864,0.0
21865,1.0
21866,1.0
21867,0.0
21868,0.0
21869,0.0
21870,1.0
21871,0.0
21872,0.0
21873,1.0
21874,1.0
21875,1.0
21876,0.0
21877,0.0
21878,0.0
21879,1.0
21880,0.0
21881,1.0
21882,1.0
21883,0.0
21884,1.0
21885,0.0
21886,0.0
21887,0.0
21888,1.0
21889,0.0
21890,1.0
21891,0.0
21892,0.0
21893,0.0
21894,0.0
21895,1.0
21896,1.0
21897,0.0
21898,0.0
21899,0.0
21900,0.0
21901,1.0
21902,1.0
21903,1.0
21904,1.0
21905,1.0
21906,1.0
21907,1.0
21908,0.0
21909,0.0
21910,1.0
21911,0.0
21912,0.0
21913,0.0
21914,1.0
21915,1.0
21916,0.0
21917,0.0
21918,0.0
21919,0.0
21920,0.0
21921,1.0
21922,0.0
21923,0.0
21924,0.0
21925,0.0
21926,0.0
21927,1.0
21928,1.0
21929,1.0
21930,1.0
21931,1.0
21932,1.0
21933,1.0
21934,1.0
21935,0.0
21936,1.0
21937,0.0
21938,1.0
21939,1.0
21940,1.0
21941,0.0
21942,0.0
21943,1.0
21944,1.0
21945,0.0
21946,1.0
21947,1.0
21948,0.0
21949,0.0
21950,1.0
21951,1.0
21952,0.0
21953,0.0
21954,1.0
21955,1.0
21956,0.0
21957,1.0
21958,0.0
21959,0.0
21960,1.0
21961,0.0
21962,0.0
21963,0.0
21964,0.0
21965,0.0
21966,1.0
21967,0.0
21968,1.0
21969,1.0
21970,0.0
21971,1.0
21972,0.0
21973,0.0
21974,1.0
21975,1.0
21976,1.0
21977,0.0
21978,0.0
21979,0.0
21980,0.0
21981,1.0
21982,0.0
21983,0.0
21984,1.0
21985,1.0
21986,0.0
21987,1.0
21988,0.0
21989,0.0
21990,0.0
21991,0.0
21992,1.0
21993,1.0
21994,0.0
21995,1.0
21996,0.0
21997,0.0
21998,0.0
21999,0.0
22000,0.0
22001,1.0
22002,1.0
22003,1.0
22004,1.0
22005,1.0
22006,1.0
22007,0.0
22008,0.0
22009,0.0
22010,0.0
22011,1.0
22012,0.0
22013,0.0
22014,0.0
22015,0.0
22016,0.0
22017,0.0
22018,0.0
22019,1.0
22020,1.0
22021,1.0
22022,0.0
22023,1.0
22024,0.0
22025,0.0
22026,1.0
22027,1.0
22028,0.0
22029,0.0
22030,1.0
22031,1.0
22032,0.0
22033,1.0
22034,1.0
22035,0.0
22036,0.0
22037,0.0
22038,1.0
22039,0.0
22040,0.0
22041,1.0
22042,1.0
22043,0.0
22044,0.0
22045,1.0
22046,1.0
22047,0.0
22048,0.0
22049,1.0
22050,0.0
22051,0.0
22052,0.0
22053,1.0
22054,1.0
22055,0.0
22056,1.0
22057,1.0
22058,0.0
22059,1.0
22060,0.0
22061,1.0
22062,1.0
22063,0.0
22064,0.0
22065,1.0
22066,1.0
22067,0.0
22068,0.0
22069,1.0
22070,1.0
22071,1.0
22072,1.0
22073,0.0
22074,1.0
22075,0.0
22076,0.0
22077,0.0
22078,0.0
22079,0.0
22080,0.0
22081,1.0
22082,0.0
22083,0.0
22084,0.0
22085,1.0
22086,1.0
22087,1.0
22088,0.0
22089,1.0
22090,1.0
22091,0.0
22092,1.0
22093,1.0
22094,0.0
22095,0.0
22096,0.0
22097,0.0
22098,0.0
22099,0.0
22100,0.0
22101,0.0
22102,1.0
22103,0.0
22104,1.0
22105,0.0
22106,0.0
22107,0.0
22108,1.0
22109,0.0
22110,1.0
22111,1.0
22112,1.0
22113,1.0
22114,0.0
22115,1.0
22116,0.0
22117,0.0
22118,0.0
22119,0.0
22120,1.0
22121,1.0
22122,1.0
22123,0.0
22124,0.0
22125,0.0
22126,1.0
22127,1.0
22128,0.0
22129,0.0
22130,1.0
22131,1.0
22132,0.0
22133,1.0
22134,0.0
22135,0.0
22136,0.0
22137,0.0
22138,0.0
22139,0.0
22140,0.0
22141,0.0
22142,1.0
22143,0.0
22144,1.0
22145,0.0
22146,0.0
22147,1.0
22148,0.0
22149,1.0
22150,0.0
22151,0.0
22152,1.0
22153,0.0
22154,0.0
22155,1.0
22156,0.0
22157,1.0
22158,0.0
22159,1.0
22160,1.0
22161,1.0
22162,0.0
22163,0.0
22164,0.0
22165,1.0
22166,1.0
22167,0.0
22168,1.0
22169,1.0
22170,0.0
22171,0.0
22172,1.0
22173,0.0
22174,1.0
22175,0.0
22176,0.0
22177,0.0
22178,1.0
22179,0.0
22180,0.0
22181,1.0
22182,0.0
22183,0.0
22184,1.0
22185,1.0
22186,1.0
22187,0.0
22188,0.0
22189,0.0
22190,0.0
22191,0.0
22192,1.0
22193,1.0
22194,0.0
22195,1.0
22196,0.0
22197,1.0
22198,1.0
22199,0.0
22200,0.0
22201,0.0
22202,0.0
22203,1.0
22204,1.0
22205,0.0
22206,0.0
22207,0.0
22208,1.0
22209,1.0
22210,0.0
22211,0.0
22212,1.0
22213,1.0
22214,1.0
22215,0.0
22216,0.0
22217,1.0
22218,0.0
22219,1.0
22220,0.0
22221,0.0
22222,1.0
22223,0.0
22224,1.0
22225,1.0
22226,0.0
22227,0.0
22228,1.0
22229,1.0
22230,1.0
22231,1.0
22232,0.0
22233,0.0
22234,0.0
22235,0.0
22236,1.0
22237,1.0
22238,1.0
22239,1.0
22240,0.0
22241,0.0
22242,1.0
22243,0.0
22244,1.0
22245,1.0
22246,0.0
22247,0.0
22248,1.0
22249,0.0
22250,0.0
22251,0.0
22252,1.0
22253,0.0
22254,0.0
22255,0.0
22256,0.0
22257,0.0
22258,1.0
22259,1.0
22260,1.0
22261,0.0
22262,1.0
22263,0.0
22264,1.0
22265,1.0
22266,0.0
22267,0.0
22268,1.0
22269,0.0
22270,0.0
22271,0.0
22272,1.0
22273,1.0
22274,0.0
22275,1.0
22276,1.0
22277,0.0
22278,1.0
22279,1.0
22280,0.0
22281,0.0
22282,1.0
22283,1.0
22284,0.0
22285,0.0
22286,0.0
22287,0.0
22288,0.0
22289,1.0
22290,0.0
22291,0.0
22292,0.0
22293,0.0
22294,0.0
22295,1.0
22296,0.0
22297,0.0
22298,0.0
22299,1.0
22300,1.0
22301,1.0
22302,0.0
22303,0.0
22304,0.0
22305,1.0
22306,1.0
22307,1.0
22308,0.0
22309,0.0
22310,0.0
22311,0.0
22312,0.0
22313,1.0
22314,1.0
22315,1.0
22316,1.0
22317,0.0
22318,0.0
22319,0.0
22320,0.0
22321,1.0
22322,0.0
22323,1.0
22324,0.0
22325,1.0
22326,1.0
22327,0.0
22328,0.0
22329,1.0
22330,1.0
22331,1.0
22332,0.0
22333,0.0
22334,1.0
22335,0.0
22336,0.0
22337,0.0
22338,1.0
22339,0.0
22340,0.0
22341,0.0
22342,1.0
22343,0.0
22344,0.0
22345,0.0
22346,0.0
22347,0.0
22348,0.0
22349,0.0
22350,1.0
22351,0.0
22352,1.0
22353,1.0
22354,1.0
22355,0.0
22356,1.0
22357,1.0
22358,1.0
22359,1.0
22360,1.0
22361,0.0
22362,0.0
22363,0.0
22364,1.0
22365,1.0
22366,1.0
22367,0.0
22368,0.0
22369,0.0
22370,1.0
22371,1.0
22372,1.0
22373,0.0
22374,0.0
22375,0.0
22376,0.0
22377,0.0
22378,1.0
22379,1.0
22380,0.0
22381,1.0
22382,1.0
22383,1.0
22384,0.0
22385,1.0
22386,1.0
22387,1.0
22388,0.0
22389,1.0
22390,0.0
22391,1.0
22392,0.0
22393,1.0
22394,0.0
22395,1.0
22396,0.0
22397,1.0
22398,0.0
22399,1.0
22400,0.0
22401,1.0
22402,0.0
22403,1.0
22404,1.0
22405,0.0
22406,1.0
22407,1.0
22408,0.0
22409,0.0
22410,0.0
22411,0.0
22412,1.0
22413,0.0
22414,1.0
22415,1.0
22416,0.0
22417,0.0
22418,0.0
22419,1.0
22420,0.0
22421,0.0
22422,0.0
22423,0.0
22424,0.0
22425,1.0
22426,0.0
22427,1.0
22428,1.0
22429,0.0
22430,0.0
22431,1.0
22432,0.0
22433,1.0
22434,1.0
22435,1.0
22436,0.0
22437,0.0
22438,1.0
22439,0.0
22440,1.0
22441,1.0
22442,1.0
22443,0.0
22444,1.0
22445,0.0
22446,0.0
22447,1.0
22448,1.0
22449,1.0
22450,1.0
22451,1.0
22452,0.0
22453,0.0
22454,0.0
22455,1.0
22456,1.0
22457,0.0
22458,0.0
22459,0.0
22460,0.0
22461,1.0
22462,0.0
22463,0.0
22464,0.0
22465,1.0
22466,0.0
22467,1.0
22468,0.0
22469,0.0
22470,0.0
22471,1.0
22472,0.0
22473,1.0
22474,0.0
22475,1.0
22476,0.0
22477,1.0
22478,1.0
22479,0.0
22480,1.0
22481,1.0
22482,1.0
22483,0.0
22484,0.0
22485,0.0
22486,1.0
22487,0.0
22488,0.0
22489,0.0
22490,0.0
22491,1.0
22492,0.0
22493,0.0
22494,1.0
22495,0.0
22496,0.0
22497,0.0
22498,1.0
22499,0.0
22500,0.0
22501,0.0
22502,0.0
22503,0.0
22504,0.0
22505,0.0
22506,1.0
22507,1.0
22508,1.0
22509,1.0
22510,1.0
22511,0.0
22512,0.0
22513,0.0
22514,1.0
22515,0.0
22516,1.0
22517,1.0
22518,0.0
22519,1.0
22520,0.0
22521,1.0
22522,1.0
22523,0.0
22524,1.0
22525,0.0
22526,0.0
22527,1.0
22528,0.0
22529,1.0
22530,1.0
22531,1.0
22532,1.0
22533,0.0
22534,1.0
22535,0.0
22536,0.0
22537,1.0
22538,1.0
22539,0.0
22540,0.0
22541,1.0
22542,0.0
22543,1.0
22544,1.0
22545,0.0
22546,0.0
22547,1.0
22548,0.0
22549,1.0
22550,0.0
22551,0.0
22552,0.0
22553,0.0
22554,1.0
22555,0.0
22556,0.0
22557,1.0
22558,0.0
22559,1.0
22560,0.0
22561,0.0
22562,1.0
22563,1.0
22564,1.0
22565,0.0
22566,0.0
22567,0.0
22568,1.0
22569,0.0
22570,0.0
22571,1.0
22572,1.0
22573,1.0
22574,1.0
22575,1.0
22576,0.0
22577,0.0
22578,1.0
22579,1.0
22580,0.0
22581,0.0
22582,1.0
22583,0.0
22584,0.0
22585,1.0
22586,0.0
22587,1.0
22588,0.0
22589,0.0
22590,0.0
22591,1.0
22592,0.0
22593,0.0
22594,0.0
22595,0.0
22596,0.0
22597,1.0
22598,0.0
22599,0.0
22600,1.0
22601,1.0
22602,0.0
22603,0.0
22604,0.0
22605,0.0
22606,1.0
22607,0.0
22608,0.0
22609,0.0
22610,1.0
22611,1.0
22612,0.0
22613,1.0
22614,1.0
22615,1.0
22616,0.0
22617,0.0
22618,1.0
22619,1.0
22620,0.0
22621,1.0
22622,1.0
22623,1.0
22624,0.0
22625,0.0
22626,0.0
22627,0.0
22628,1.0
22629,1.0
22630,1.0
22631,0.0
22632,0.0
22633,0.0
22634,0.0
22635,0.0
22636,1.0
22637,0.0
22638,0.0
22639,0.0
22640,1.0
22641,0.0
22642,0.0
22643,0.0
22644,0.0
22645,1.0
22646,0.0
22647,1.0
22648,1.0
22649,1.0
22650,1.0
22651,1.0
22652,0.0
22653,1.0
22654,1.0
22655,1.0
22656,0.0
22657,1.0
22658,1.0
22659,0.0
22660,0.0
22661,1.0
22662,1.0
22663,1.0
22664,0.0
22665,1.0
22666,1.0
22667,0.0
22668,0.0
22669,1.0
22670,0.0
22671,1.0
22672,0.0
22673,1.0
22674,1.0
22675,1.0
22676,1.0
22677,1.0
22678,0.0
22679,1.0
22680,0.0
22681,1.0
22682,0.0
22683,0.0
22684,1.0
22685,0.0
22686,0.0
22687,0.0
22688,0.0
22689,0.0
22690,0.0
22691,0.0
22692,1.0
22693,0.0
22694,0.0
22695,1.0
22696,0.0
22697,0.0
22698,1.0
22699,0.0
22700,0.0
22701,1.0
22702,0.0
22703,0.0
22704,0.0
22705,1.0
22706,0.0
22707,1.0
22708,1.0
22709,0.0
22710,0.0
22711,0.0
22712,0.0
22713,1.0
22714,0.0
22715,0.0
22716,1.0
22717,0.0
22718,0.0
22719,1.0
22720,0.0
22721,0.0
22722,1.0
22723,0.0
22724,0.0
22725,0.0
22726,0.0
22727,0.0
22728,0.0
22729,1.0
22730,0.0
22731,0.0
22732,1.0
22733,1.0
22734,1.0
22735,0.0
22736,1.0
22737,1.0
22738,0.0
22739,1.0
22740,0.0
22741,1.0
22742,0.0
22743,0.0
22744,0.0
22745,1.0
22746,1.0
22747,1.0
22748,0.0
22749,0.0
22750,1.0
22751,0.0
22752,0.0
22753,1.0
22754,0.0
22755,1.0
22756,0.0
22757,0.0
22758,1.0
22759,1.0
22760,0.0
22761,1.0
22762,1.0
22763,0.0
22764,0.0
22765,0.0
22766,0.0
22767,0.0
22768,0.0
22769,1.0
22770,1.0
22771,0.0
22772,1.0
22773,0.0
22774,1.0
22775,0.0
22776,0.0
22777,1.0
22778,0.0
22779,1.0
22780,1.0
22781,0.0
22782,0.0
22783,0.0
22784,1.0
22785,1.0
22786,0.0
22787,0.0
22788,0.0
22789,1.0
22790,1.0
22791,0.0
22792,1.0
22793,1.0
22794,0.0
22795,1.0
22796,1.0
22797,0.0
22798,0.0
22799,1.0
22800,0.0
22801,1.0
22802,1.0
22803,0.0
22804,0.0
22805,1.0
22806,1.0
22807,0.0
22808,1.0
22809,1.0
22810,0.0
22811,0.0
22812,0.0
22813,1.0
22814,0.0
22815,0.0
22816,0.0
22817,0.0
22818,1.0
22819,0.0
22820,0.0
22821,1.0
22822,0.0
22823,0.0
22824,0.0
22825,0.0
22826,0.0
22827,1.0
22828,1.0
22829,1.0
22830,0.0
22831,1.0
22832,0.0
22833,0.0
22834,0.0
22835,1.0
22836,1.0
22837,1.0
22838,1.0
22839,1.0
22840,1.0
22841,1.0
22842,1.0
22843,1.0
22844,1.0
22845,0.0
22846,0.0
22847,1.0
22848,0.0
22849,0.0
22850,0.0
22851,0.0
22852,1.0
22853,0.0
22854,1.0
22855,0.0
22856,0.0
22857,0.0
22858,0.0
22859,0.0
22860,1.0
22861,1.0
22862,1.0
22863,1.0
22864,0.0
22865,0.0
22866,1.0
22867,0.0
22868,1.0
22869,0.0
22870,0.0
22871,1.0
22872,0.0
22873,0.0
22874,0.0
22875,0.0
22876,1.0
22877,0.0
22878,0.0
22879,1.0
22880,1.0
22881,0.0
22882,0.0
22883,0.0
22884,1.0
22885,0.0
22886,0.0
22887,0.0
22888,0.0
22889,0.0
22890,1.0
22891,1.0
22892,1.0
22893,0.0
22894,1.0
22895,1.0
22896,0.0
22897,1.0
22898,0.0
22899,0.0
22900,1.0
22901,0.0
22902,0.0
22903,1.0
22904,0.0
22905,0.0
22906,0.0
22907,1.0
22908,1.0
22909,0.0
22910,1.0
22911,0.0
22912,1.0
22913,1.0
22914,1.0
22915,0.0
22916,0.0
22917,1.0
22918,0.0
22919,1.0
22920,1.0
22921,1.0
22922,0.0
22923,1.0
22924,0.0
22925,1.0
22926,1.0
22927,1.0
22928,1.0
22929,0.0
22930,1.0
22931,0.0
22932,1.0
22933,0.0
22934,1.0
22935,1.0
22936,1.0
22937,1.0
22938,1.0
22939,0.0
22940,0.0
22941,0.0
22942,1.0
22943,1.0
22944,0.0
22945,1.0
22946,0.0
22947,0.0
22948,1.0
22949,1.0
22950,1.0
22951,1.0
22952,0.0
22953,0.0
22954,1.0
22955,0.0
22956,0.0
22957,0.0
22958,0.0
22959,0.0
22960,1.0
22961,1.0
22962,0.0
22963,0.0
22964,0.0
22965,1.0
22966,0.0
22967,0.0
22968,0.0
22969,0.0
22970,1.0
22971,0.0
22972,1.0
22973,1.0
22974,0.0
22975,0.0
22976,0.0
22977,0.0
22978,0.0
22979,0.0
22980,1.0
22981,0.0
22982,1.0
22983,1.0
22984,0.0
22985,0.0
22986,0.0
22987,1.0
22988,1.0
22989,1.0
22990,0.0
22991,1.0
22992,0.0
22993,0.0
22994,0.0
22995,1.0
22996,1.0
22997,1.0
22998,0.0
22999,1.0
23000,0.0
23001,0.0
23002,0.0
23003,1.0
23004,1.0
23005,1.0
23006,1.0
23007,0.0
23008,0.0
23009,1.0
23010,0.0
23011,1.0
23012,1.0
23013,0.0
23014,1.0
23015,1.0
23016,1.0
23017,0.0
23018,0.0
23019,0.0
23020,0.0
23021,1.0
23022,0.0
23023,0.0
23024,0.0
23025,0.0
23026,1.0
23027,1.0
23028,0.0
23029,0.0
23030,0.0
23031,0.0
23032,1.0
23033,0.0
23034,0.0
23035,1.0
23036,1.0
23037,1.0
23038,0.0
23039,0.0
23040,1.0
23041,1.0
23042,1.0
23043,0.0
23044,1.0
23045,0.0
23046,1.0
23047,0.0
23048,0.0
23049,0.0
23050,0.0
23051,1.0
23052,0.0
23053,0.0
23054,1.0
23055,0.0
23056,1.0
23057,1.0
23058,1.0
23059,0.0
23060,0.0
23061,0.0
23062,0.0
23063,0.0
23064,1.0
23065,1.0
23066,1.0
23067,0.0
23068,0.0
23069,0.0
23070,0.0
23071,0.0
23072,1.0
23073,1.0
23074,0.0
23075,0.0
23076,0.0
23077,0.0
23078,0.0
23079,0.0
23080,0.0
23081,1.0
23082,0.0
23083,0.0
23084,0.0
23085,0.0
23086,1.0
23087,0.0
23088,0.0
23089,1.0
23090,0.0
23091,1.0
23092,0.0
23093,0.0
23094,0.0
23095,0.0
23096,1.0
23097,0.0
23098,1.0
23099,0.0
23100,0.0
23101,1.0
23102,0.0
23103,0.0
23104,0.0
23105,0.0
23106,0.0
23107,0.0
23108,1.0
23109,1.0
23110,0.0
23111,0.0
23112,0.0
23113,1.0
23114,1.0
23115,1.0
23116,0.0
23117,0.0
23118,1.0
23119,1.0
23120,0.0
23121,1.0
23122,1.0
23123,1.0
23124,0.0
23125,0.0
23126,0.0
23127,0.0
23128,1.0
23129,1.0
23130,1.0
23131,1.0
23132,0.0
23133,0.0
23134,1.0
23135,1.0
23136,0.0
23137,1.0
23138,1.0
23139,0.0
23140,1.0
23141,0.0
23142,0.0
23143,1.0
23144,0.0
23145,0.0
23146,0.0
23147,0.0
23148,1.0
23149,0.0
23150,0.0
23151,1.0
23152,1.0
23153,1.0
23154,1.0
23155,0.0
23156,1.0
23157,1.0
23158,0.0
23159,0.0
23160,0.0
23161,0.0
23162,0.0
23163,1.0
23164,0.0
23165,1.0
23166,0.0
23167,1.0
23168,1.0
23169,0.0
23170,1.0
23171,0.0
23172,0.0
23173,0.0
23174,0.0
23175,0.0
23176,1.0
23177,0.0
23178,0.0
23179,1.0
23180,0.0
23181,0.0
23182,0.0
23183,1.0
23184,0.0
23185,0.0
23186,1.0
23187,1.0
23188,0.0
23189,1.0
23190,1.0
23191,0.0
23192,0.0
23193,0.0
23194,1.0
23195,0.0
23196,0.0
23197,0.0
23198,0.0
23199,1.0
23200,0.0
23201,0.0
23202,0.0
23203,1.0
23204,1.0
23205,0.0
23206,1.0
23207,0.0
23208,0.0
23209,1.0
23210,0.0
23211,0.0
23212,0.0
23213,1.0
23214,0.0
23215,0.0
23216,1.0
23217,0.0
23218,0.0
23219,0.0
23220,0.0
23221,1.0
23222,0.0
23223,1.0
23224,1.0
23225,1.0
23226,0.0
23227,0.0
23228,1.0
23229,1.0
23230,1.0
23231,0.0
23232,0.0
23233,0.0
23234,0.0
23235,0.0
23236,0.0
23237,0.0
23238,1.0
23239,0.0
23240,1.0
23241,1.0
23242,0.0
23243,1.0
23244,0.0
23245,1.0
23246,1.0
23247,1.0
23248,1.0
23249,1.0
23250,0.0
23251,0.0
23252,0.0
23253,0.0
23254,0.0
23255,1.0
23256,0.0
23257,0.0
23258,0.0
23259,0.0
23260,0.0
23261,0.0
23262,1.0
23263,0.0
23264,0.0
23265,1.0
23266,0.0
23267,1.0
23268,1.0
23269,1.0
23270,0.0
23271,0.0
23272,0.0
23273,1.0
23274,1.0
23275,0.0
23276,0.0
23277,0.0
23278,1.0
23279,0.0
23280,0.0
23281,0.0
23282,0.0
23283,1.0
23284,0.0
23285,0.0
23286,0.0
23287,0.0
23288,0.0
23289,1.0
23290,0.0
23291,0.0
23292,0.0
23293,1.0
23294,0.0
23295,1.0
23296,0.0
23297,0.0
23298,0.0
23299,1.0
23300,0.0
23301,0.0
23302,1.0
23303,0.0
23304,1.0
23305,1.0
23306,0.0
23307,1.0
23308,0.0
23309,0.0
23310,0.0
23311,0.0
23312,1.0
23313,1.0
23314,1.0
23315,0.0
23316,1.0
23317,0.0
23318,1.0
23319,0.0
23320,0.0
23321,0.0
23322,0.0
23323,0.0
23324,1.0
23325,1.0
23326,1.0
23327,1.0
23328,1.0
23329,1.0
23330,0.0
23331,1.0
23332,1.0
23333,0.0
23334,0.0
23335,1.0
23336,0.0
23337,0.0
23338,1.0
23339,0.0
23340,0.0
23341,0.0
23342,0.0
23343,0.0
23344,1.0
23345,1.0
23346,0.0
23347,1.0
23348,0.0
23349,1.0
23350,0.0
23351,1.0
23352,0.0
23353,1.0
23354,1.0
23355,0.0
23356,0.0
23357,1.0
23358,0.0
23359,1.0
23360,0.0
23361,1.0
23362,1.0
23363,0.0
23364,0.0
23365,0.0
23366,0.0
23367,1.0
23368,1.0
23369,1.0
23370,0.0
23371,0.0
23372,1.0
23373,1.0
23374,1.0
23375,1.0
23376,1.0
23377,0.0
23378,0.0
23379,1.0
23380,1.0
23381,1.0
23382,0.0
23383,1.0
23384,0.0
23385,1.0
23386,1.0
23387,0.0
23388,1.0
23389,0.0
23390,1.0
23391,1.0
23392,0.0
23393,0.0
23394,1.0
23395,0.0
23396,0.0
23397,1.0
23398,1.0
23399,1.0
23400,1.0
23401,0.0
23402,0.0
23403,1.0
23404,0.0
23405,0.0
23406,0.0
23407,1.0
23408,1.0
23409,1.0
23410,1.0
23411,1.0
23412,0.0
23413,0.0
23414,0.0
23415,1.0
23416,0.0
23417,0.0
23418,1.0
23419,0.0
23420,0.0
23421,0.0
23422,1.0
23423,1.0
23424,1.0
23425,1.0
23426,0.0
23427,0.0
23428,1.0
23429,1.0
23430,0.0
23431,1.0
23432,1.0
23433,1.0
23434,0.0
23435,0.0
23436,1.0
23437,1.0
23438,0.0
23439,0.0
23440,1.0
23441,0.0
23442,1.0
23443,0.0
23444,0.0
23445,1.0
23446,1.0
23447,0.0
23448,0.0
23449,0.0
23450,1.0
23451,0.0
23452,1.0
23453,1.0
23454,1.0
23455,0.0
23456,0.0
23457,1.0
23458,0.0
23459,1.0
23460,1.0
23461,0.0
23462,0.0
23463,1.0
23464,0.0
23465,1.0
23466,0.0
23467,1.0
23468,1.0
23469,0.0
23470,0.0
23471,1.0
23472,1.0
23473,1.0
23474,0.0
23475,0.0
23476,1.0
23477,1.0
23478,0.0
23479,0.0
23480,1.0
23481,1.0
23482,1.0
23483,0.0
23484,0.0
23485,1.0
23486,0.0
23487,0.0
23488,0.0
23489,1.0
23490,0.0
23491,0.0
23492,0.0
23493,0.0
23494,1.0
23495,1.0
23496,1.0
23497,0.0
23498,0.0
23499,0.0
23500,1.0
23501,0.0
23502,0.0
23503,0.0
23504,1.0
23505,1.0
23506,1.0
23507,1.0
23508,0.0
23509,1.0
23510,0.0
23511,1.0
23512,0.0
23513,1.0
23514,0.0
23515,0.0
23516,0.0
23517,1.0
23518,0.0
23519,0.0
23520,1.0
23521,1.0
23522,1.0
23523,1.0
23524,1.0
23525,1.0
23526,0.0
23527,0.0
23528,1.0
23529,1.0
23530,0.0
23531,0.0
23532,0.0
23533,1.0
23534,0.0
23535,0.0
23536,1.0
23537,1.0
23538,0.0
23539,0.0
23540,0.0
23541,1.0
23542,0.0
23543,0.0
23544,0.0
23545,1.0
23546,0.0
23547,0.0
23548,1.0
23549,1.0
23550,0.0
23551,1.0
23552,1.0
23553,1.0
23554,0.0
23555,1.0
23556,0.0
23557,1.0
23558,1.0
23559,1.0
23560,0.0
23561,0.0
23562,0.0
23563,0.0
23564,0.0
23565,1.0
23566,0.0
23567,0.0
23568,0.0
23569,1.0
23570,0.0
23571,0.0
23572,1.0
23573,0.0
23574,1.0
23575,1.0
23576,1.0
23577,0.0
23578,0.0
23579,1.0
23580,0.0
23581,0.0
23582,1.0
23583,0.0
23584,1.0
23585,0.0
23586,1.0
23587,0.0
23588,1.0
23589,1.0
23590,0.0
23591,0.0
23592,0.0
23593,1.0
23594,1.0
23595,0.0
23596,0.0
23597,0.0
23598,0.0
23599,1.0
23600,0.0
23601,1.0
23602,0.0
23603,0.0
23604,1.0
23605,0.0
23606,0.0
23607,0.0
23608,0.0
23609,0.0
23610,0.0
23611,0.0
23612,0.0
23613,0.0
23614,1.0
23615,1.0
23616,0.0
23617,1.0
23618,0.0
23619,0.0
23620,1.0
23621,1.0
23622,0.0
23623,0.0
23624,0.0
23625,0.0
23626,0.0
23627,1.0
23628,0.0
23629,0.0
23630,0.0
23631,1.0
23632,0.0
23633,0.0
23634,0.0
23635,1.0
23636,0.0
23637,0.0
23638,0.0
23639,0.0
23640,1.0
23641,0.0
23642,0.0
23643,0.0
23644,0.0
23645,1.0
23646,1.0
23647,0.0
23648,1.0
23649,1.0
23650,0.0
23651,0.0
23652,0.0
23653,1.0
23654,0.0
23655,0.0
23656,0.0
23657,1.0
23658,0.0
23659,0.0
23660,1.0
23661,1.0
23662,1.0
23663,0.0
23664,0.0
23665,0.0
23666,0.0
23667,1.0
23668,0.0
23669,0.0
23670,1.0
23671,1.0
23672,0.0
23673,0.0
23674,0.0
23675,0.0
23676,1.0
23677,1.0
23678,1.0
23679,1.0
23680,1.0
23681,0.0
23682,0.0
23683,0.0
23684,1.0
23685,0.0
23686,1.0
23687,0.0
23688,1.0
23689,1.0
23690,0.0
23691,0.0
23692,1.0
23693,0.0
23694,0.0
23695,0.0
23696,0.0
23697,0.0
23698,0.0
23699,0.0
23700,1.0
23701,0.0
23702,1.0
23703,0.0
23704,1.0
23705,1.0
23706,1.0
23707,0.0
23708,0.0
23709,1.0
23710,0.0
23711,1.0
23712,0.0
23713,1.0
23714,1.0
23715,0.0
23716,1.0
23717,0.0
23718,1.0
23719,1.0
23720,0.0
23721,1.0
23722,1.0
23723,0.0
23724,1.0
23725,0.0
23726,0.0
23727,1.0
23728,1.0
23729,0.0
23730,0.0
23731,0.0
23732,0.0
23733,0.0
23734,0.0
23735,0.0
23736,1.0
23737,0.0
23738,0.0
23739,0.0
23740,0.0
23741,1.0
23742,1.0
23743,1.0
23744,0.0
23745,1.0
23746,0.0
23747,0.0
23748,1.0
23749,0.0
23750,1.0
23751,1.0
23752,0.0
23753,0.0
23754,1.0
23755,0.0
23756,0.0
23757,1.0
23758,1.0
23759,0.0
23760,0.0
23761,0.0
23762,0.0
23763,0.0
23764,1.0
23765,1.0
23766,1.0
23767,0.0
23768,0.0
23769,1.0
23770,0.0
23771,0.0
23772,0.0
23773,0.0
23774,1.0
23775,0.0
23776,0.0
23777,0.0
23778,1.0
23779,0.0
23780,0.0
23781,0.0
23782,0.0
23783,1.0
23784,1.0
23785,0.0
23786,0.0
23787,1.0
23788,0.0
23789,1.0
23790,0.0
23791,1.0
23792,0.0
23793,0.0
23794,0.0
23795,0.0
23796,0.0
23797,0.0
23798,1.0
23799,0.0
23800,0.0
23801,0.0
23802,1.0
23803,0.0
23804,0.0
23805,0.0
23806,1.0
23807,0.0
23808,0.0
23809,0.0
23810,0.0
23811,0.0
23812,0.0
23813,1.0
23814,0.0
23815,1.0
23816,0.0
23817,1.0
23818,1.0
23819,1.0
23820,1.0
23821,1.0
23822,1.0
23823,1.0
23824,1.0
23825,1.0
23826,1.0
23827,1.0
23828,1.0
23829,0.0
23830,1.0
23831,1.0
23832,0.0
23833,0.0
23834,1.0
23835,1.0
23836,1.0
23837,1.0
23838,0.0
23839,0.0
23840,1.0
23841,1.0
23842,1.0
23843,1.0
23844,1.0
23845,1.0
23846,0.0
23847,1.0
23848,0.0
23849,1.0
23850,0.0
23851,1.0
23852,0.0
23853,0.0
23854,0.0
23855,1.0
23856,0.0
23857,0.0
23858,0.0
23859,1.0
23860,0.0
23861,0.0
23862,1.0
23863,0.0
23864,0.0
23865,0.0
23866,1.0
23867,0.0
23868,1.0
23869,0.0
23870,1.0
23871,1.0
23872,1.0
23873,1.0
23874,0.0
23875,0.0
23876,0.0
23877,0.0
23878,1.0
23879,0.0
23880,0.0
23881,1.0
23882,1.0
23883,0.0
23884,0.0
23885,1.0
23886,0.0
23887,0.0
23888,0.0
23889,1.0
23890,1.0
23891,0.0
23892,1.0
23893,1.0
23894,1.0
23895,0.0
23896,1.0
23897,1.0
23898,1.0
23899,0.0
23900,0.0
23901,1.0
23902,0.0
23903,1.0
23904,0.0
23905,0.0
23906,1.0
23907,1.0
23908,0.0
23909,1.0
23910,0.0
23911,0.0
23912,1.0
23913,1.0
23914,1.0
23915,1.0
23916,0.0
23917,0.0
23918,0.0
23919,1.0
23920,0.0
23921,0.0
23922,0.0
23923,1.0
23924,0.0
23925,1.0
23926,0.0
23927,1.0
23928,0.0
23929,1.0
23930,1.0
23931,0.0
23932,0.0
23933,1.0
23934,0.0
23935,0.0
23936,0.0
23937,1.0
23938,0.0
23939,1.0
23940,0.0
23941,0.0
23942,1.0
23943,0.0
23944,0.0
23945,1.0
23946,1.0
23947,1.0
23948,1.0
23949,0.0
23950,0.0
23951,0.0
23952,1.0
23953,1.0
23954,1.0
23955,0.0
23956,0.0
23957,0.0
23958,1.0
23959,1.0
23960,0.0
23961,1.0
23962,1.0
23963,1.0
23964,0.0
23965,0.0
23966,0.0
23967,1.0
23968,1.0
23969,0.0
23970,1.0
23971,1.0
23972,0.0
23973,0.0
23974,1.0
23975,0.0
23976,0.0
23977,0.0
23978,1.0
23979,0.0
23980,0.0
23981,0.0
23982,1.0
23983,0.0
23984,0.0
23985,1.0
23986,1.0
23987,1.0
23988,1.0
23989,0.0
23990,0.0
23991,0.0
23992,0.0
23993,1.0
23994,0.0
23995,1.0
23996,1.0
23997,0.0
23998,0.0
23999,0.0
24000,0.0
24001,0.0
24002,0.0
24003,0.0
24004,0.0
24005,0.0
24006,0.0
24007,1.0
24008,1.0
24009,1.0
24010,1.0
24011,1.0
24012,0.0
24013,1.0
24014,0.0
24015,1.0
24016,0.0
24017,0.0
24018,0.0
24019,0.0
24020,0.0
24021,1.0
24022,1.0
24023,1.0
24024,0.0
24025,1.0
24026,0.0
24027,0.0
24028,1.0
24029,0.0
24030,0.0
24031,1.0
24032,1.0
24033,1.0
24034,0.0
24035,0.0
24036,1.0
24037,0.0
24038,0.0
24039,0.0
24040,0.0
24041,1.0
24042,1.0
24043,1.0
24044,0.0
24045,0.0
24046,0.0
24047,0.0
24048,1.0
24049,1.0
24050,0.0
24051,1.0
24052,1.0
24053,0.0
24054,0.0
24055,1.0
24056,1.0
24057,0.0
24058,0.0
24059,0.0
24060,1.0
24061,0.0
24062,0.0
24063,0.0
24064,1.0
24065,0.0
24066,0.0
24067,0.0
24068,0.0
24069,1.0
24070,1.0
24071,0.0
24072,0.0
24073,0.0
24074,0.0
24075,0.0
24076,0.0
24077,1.0
24078,0.0
24079,0.0
24080,1.0
24081,0.0
24082,1.0
24083,1.0
24084,0.0
24085,1.0
24086,0.0
24087,0.0
24088,0.0
24089,0.0
24090,0.0
24091,1.0
24092,0.0
24093,0.0
24094,1.0
24095,0.0
24096,1.0
24097,0.0
24098,1.0
24099,0.0
24100,0.0
24101,1.0
24102,0.0
24103,0.0
24104,0.0
24105,0.0
24106,1.0
24107,0.0
24108,0.0
24109,1.0
24110,0.0
24111,1.0
24112,0.0
24113,0.0
24114,1.0
24115,1.0
24116,0.0
24117,0.0
24118,0.0
24119,1.0
24120,0.0
24121,0.0
24122,1.0
24123,1.0
24124,1.0
24125,0.0
24126,1.0
24127,0.0
24128,1.0
24129,1.0
24130,1.0
24131,1.0
24132,0.0
24133,0.0
24134,0.0
24135,1.0
24136,0.0
24137,1.0
24138,1.0
24139,0.0
24140,1.0
24141,0.0
24142,0.0
24143,0.0
24144,0.0
24145,0.0
24146,1.0
24147,0.0
24148,0.0
24149,1.0
24150,1.0
24151,1.0
24152,0.0
24153,0.0
24154,1.0
24155,0.0
24156,1.0
24157,1.0
24158,1.0
24159,0.0
24160,1.0
24161,1.0
24162,0.0
24163,0.0
24164,0.0
24165,0.0
24166,0.0
24167,1.0
24168,0.0
24169,0.0
24170,1.0
24171,1.0
24172,0.0
24173,1.0
24174,0.0
24175,1.0
24176,1.0
24177,1.0
24178,1.0
24179,0.0
24180,0.0
24181,0.0
24182,1.0
24183,1.0
24184,0.0
24185,1.0
24186,1.0
24187,1.0
24188,0.0
24189,0.0
24190,1.0
24191,1.0
24192,0.0
24193,0.0
24194,0.0
24195,0.0
24196,1.0
24197,0.0
24198,0.0
24199,0.0
24200,1.0
24201,1.0
24202,0.0
24203,0.0
24204,0.0
24205,0.0
24206,0.0
24207,0.0
24208,0.0
24209,1.0
24210,0.0
24211,1.0
24212,1.0
24213,0.0
24214,1.0
24215,0.0
24216,0.0
24217,0.0
24218,1.0
24219,0.0
24220,1.0
24221,0.0
24222,0.0
24223,0.0
24224,0.0
24225,0.0
24226,0.0
24227,0.0
24228,0.0
24229,0.0
24230,1.0
24231,1.0
24232,1.0
24233,0.0
24234,0.0
24235,0.0
24236,1.0
24237,0.0
24238,0.0
24239,0.0
24240,1.0
24241,0.0
24242,0.0
24243,1.0
24244,1.0
24245,0.0
24246,0.0
24247,0.0
24248,1.0
24249,0.0
24250,0.0
24251,1.0
24252,0.0
24253,1.0
24254,0.0
24255,0.0
24256,0.0
24257,0.0
24258,1.0
24259,0.0
24260,1.0
24261,1.0
24262,1.0
24263,1.0
24264,1.0
24265,0.0
24266,0.0
24267,1.0
24268,0.0
24269,0.0
24270,1.0
24271,0.0
24272,1.0
24273,1.0
24274,0.0
24275,1.0
24276,0.0
24277,1.0
24278,1.0
24279,0.0
24280,0.0
24281,1.0
24282,0.0
24283,1.0
24284,0.0
24285,0.0
24286,1.0
24287,0.0
24288,0.0
24289,1.0
24290,1.0
24291,0.0
24292,0.0
24293,0.0
24294,0.0
24295,1.0
24296,1.0
24297,0.0
24298,0.0
24299,0.0
24300,0.0
24301,1.0
24302,0.0
24303,0.0
24304,0.0
24305,0.0
24306,0.0
24307,1.0
24308,1.0
24309,0.0
24310,0.0
24311,0.0
24312,1.0
24313,1.0
24314,0.0
24315,1.0
24316,0.0
24317,0.0
24318,1.0
24319,1.0
24320,1.0
24321,0.0
24322,1.0
24323,0.0
24324,0.0
24325,1.0
24326,1.0
24327,0.0
24328,0.0
24329,1.0
24330,1.0
24331,1.0
24332,1.0
24333,1.0
24334,0.0
24335,0.0
24336,0.0
24337,0.0
24338,1.0
24339,1.0
24340,0.0
24341,1.0
24342,0.0
24343,0.0
24344,1.0
24345,1.0
24346,0.0
24347,0.0
24348,0.0
24349,0.0
24350,1.0
24351,0.0
24352,1.0
24353,0.0
24354,0.0
24355,0.0
24356,1.0
24357,0.0
24358,0.0
24359,1.0
24360,0.0
24361,1.0
24362,1.0
24363,1.0
24364,1.0
24365,0.0
24366,1.0
24367,0.0
24368,1.0
24369,1.0
24370,1.0
24371,0.0
24372,1.0
24373,1.0
24374,0.0
24375,0.0
24376,0.0
24377,0.0
24378,1.0
24379,0.0
24380,0.0
24381,1.0
24382,0.0
24383,0.0
24384,1.0
24385,0.0
24386,0.0
24387,0.0
24388,0.0
24389,0.0
24390,0.0
24391,1.0
24392,0.0
24393,0.0
24394,0.0
24395,0.0
24396,1.0
24397,1.0
24398,0.0
24399,0.0
24400,0.0
24401,0.0
24402,0.0
24403,0.0
24404,1.0
24405,0.0
24406,0.0
24407,1.0
24408,1.0
24409,1.0
24410,0.0
24411,0.0
24412,0.0
24413,1.0
24414,1.0
24415,1.0
24416,0.0
24417,1.0
24418,1.0
24419,1.0
24420,0.0
24421,0.0
24422,0.0
24423,1.0
24424,0.0
24425,1.0
24426,1.0
24427,1.0
24428,1.0
24429,1.0
24430,0.0
24431,1.0
24432,1.0
24433,0.0
24434,1.0
24435,1.0
24436,1.0
24437,0.0
24438,1.0
24439,0.0
24440,0.0
24441,0.0
24442,0.0
24443,0.0
24444,1.0
24445,1.0
24446,0.0
24447,0.0
24448,1.0
24449,1.0
24450,0.0
24451,1.0
24452,0.0
24453,1.0
24454,1.0
24455,0.0
24456,0.0
24457,1.0
24458,0.0
24459,0.0
24460,1.0
24461,1.0
24462,1.0
24463,1.0
24464,0.0
24465,0.0
24466,0.0
24467,0.0
24468,0.0
24469,0.0
24470,0.0
24471,0.0
24472,0.0
24473,0.0
24474,0.0
24475,0.0
24476,0.0
24477,1.0
24478,1.0
24479,0.0
24480,0.0
24481,1.0
24482,0.0
24483,1.0
24484,1.0
24485,1.0
24486,1.0
24487,1.0
24488,0.0
24489,0.0
24490,1.0
24491,1.0
24492,0.0
24493,0.0
24494,0.0
24495,1.0
24496,1.0
24497,0.0
24498,0.0
24499,0.0
24500,1.0
24501,1.0
24502,0.0
24503,1.0
24504,1.0
24505,1.0
24506,1.0
24507,0.0
24508,0.0
24509,0.0
24510,1.0
24511,1.0
24512,1.0
24513,0.0
24514,1.0
24515,0.0
24516,1.0
24517,0.0
24518,1.0
24519,1.0
24520,1.0
24521,1.0
24522,0.0
24523,1.0
24524,0.0
24525,0.0
24526,0.0
24527,1.0
24528,0.0
24529,0.0
24530,0.0
24531,1.0
24532,1.0
24533,0.0
24534,1.0
24535,1.0
24536,1.0
24537,0.0
24538,1.0
24539,0.0
24540,0.0
24541,0.0
24542,1.0
24543,0.0
24544,0.0
24545,0.0
24546,1.0
24547,0.0
24548,0.0
24549,1.0
24550,0.0
24551,1.0
24552,1.0
24553,0.0
24554,0.0
24555,0.0
24556,1.0
24557,0.0
24558,0.0
24559,1.0
24560,1.0
24561,0.0
24562,1.0
24563,0.0
24564,0.0
24565,0.0
24566,1.0
24567,1.0
24568,0.0
24569,0.0
24570,0.0
24571,1.0
24572,0.0
24573,1.0
24574,0.0
24575,1.0
24576,0.0
24577,0.0
24578,1.0
24579,1.0
24580,0.0
24581,1.0
24582,0.0
24583,1.0
24584,1.0
24585,1.0
24586,1.0
24587,0.0
24588,1.0
24589,1.0
24590,0.0
24591,0.0
24592,0.0
24593,0.0
24594,0.0
24595,1.0
24596,1.0
24597,0.0
24598,1.0
24599,0.0
24600,0.0
24601,0.0
24602,1.0
24603,0.0
24604,0.0
24605,0.0
24606,1.0
24607,1.0
24608,0.0
24609,1.0
24610,1.0
24611,1.0
24612,1.0
24613,1.0
24614,1.0
24615,1.0
24616,0.0
24617,0.0
24618,0.0
24619,1.0
24620,0.0
24621,0.0
24622,0.0
24623,1.0
24624,0.0
24625,0.0
24626,1.0
24627,0.0
24628,0.0
24629,1.0
24630,1.0
24631,0.0
24632,0.0
24633,1.0
24634,0.0
24635,1.0
24636,1.0
24637,1.0
24638,0.0
24639,1.0
24640,0.0
24641,1.0
24642,1.0
24643,1.0
24644,1.0
24645,1.0
24646,1.0
24647,1.0
24648,1.0
24649,0.0
24650,0.0
24651,0.0
24652,1.0
24653,1.0
24654,1.0
24655,1.0
24656,0.0
24657,1.0
24658,1.0
24659,0.0
24660,0.0
24661,0.0
24662,0.0
24663,1.0
24664,0.0
24665,1.0
24666,1.0
24667,0.0
24668,1.0
24669,0.0
24670,0.0
24671,0.0
24672,1.0
24673,1.0
24674,0.0
24675,0.0
24676,0.0
24677,0.0
24678,0.0
24679,0.0
24680,1.0
24681,0.0
24682,1.0
24683,0.0
24684,1.0
24685,0.0
24686,1.0
24687,0.0
24688,1.0
24689,0.0
24690,0.0
24691,1.0
24692,0.0
24693,1.0
24694,1.0
24695,1.0
24696,1.0
24697,0.0
24698,0.0
24699,1.0
24700,1.0
24701,0.0
24702,1.0
24703,1.0
24704,0.0
24705,0.0
24706,0.0
24707,0.0
24708,0.0
24709,0.0
24710,1.0
24711,1.0
24712,0.0
24713,0.0
24714,1.0
24715,1.0
24716,0.0
24717,1.0
24718,1.0
24719,1.0
24720,0.0
24721,0.0
24722,0.0
24723,0.0
24724,0.0
24725,0.0
24726,1.0
24727,0.0
24728,1.0
24729,1.0
24730,1.0
24731,0.0
24732,1.0
24733,0.0
24734,0.0
24735,0.0
24736,1.0
24737,1.0
24738,1.0
24739,0.0
24740,0.0
24741,0.0
24742,1.0
24743,1.0
24744,0.0
24745,1.0
24746,1.0
24747,0.0
24748,1.0
24749,0.0
24750,0.0
24751,0.0
24752,0.0
24753,0.0
24754,0.0
24755,0.0
24756,0.0
24757,1.0
24758,1.0
24759,0.0
24760,0.0
24761,1.0
24762,0.0
24763,1.0
24764,0.0
24765,0.0
24766,0.0
24767,0.0
24768,0.0
24769,0.0
24770,0.0
24771,0.0
24772,0.0
24773,0.0
24774,1.0
24775,0.0
24776,1.0
24777,0.0
24778,0.0
24779,1.0
24780,1.0
24781,1.0
24782,0.0
24783,0.0
24784,0.0
24785,1.0
24786,0.0
24787,1.0
24788,1.0
24789,1.0
24790,0.0
24791,0.0
24792,0.0
24793,0.0
24794,0.0
24795,1.0
24796,0.0
24797,0.0
24798,0.0
24799,1.0
24800,0.0
24801,1.0
24802,0.0
24803,1.0
24804,1.0
24805,1.0
24806,0.0
24807,0.0
24808,0.0
24809,0.0
24810,1.0
24811,0.0
24812,1.0
24813,1.0
24814,0.0
24815,1.0
24816,0.0
24817,1.0
24818,1.0
24819,0.0
24820,1.0
24821,0.0
24822,1.0
24823,1.0
24824,1.0
24825,0.0
24826,0.0
24827,0.0
24828,1.0
24829,0.0
24830,1.0
24831,0.0
24832,0.0
24833,1.0
24834,0.0
24835,1.0
24836,1.0
24837,0.0
24838,1.0
24839,1.0
24840,1.0
24841,1.0
24842,1.0
24843,1.0
24844,1.0
24845,0.0
24846,0.0
24847,1.0
24848,0.0
24849,1.0
24850,0.0
24851,0.0
24852,1.0
24853,1.0
24854,0.0
24855,1.0
24856,0.0
24857,0.0
24858,0.0
24859,0.0
24860,0.0
24861,0.0
24862,0.0
24863,1.0
24864,1.0
24865,0.0
24866,0.0
24867,1.0
24868,1.0
24869,0.0
24870,1.0
24871,1.0
24872,0.0
24873,1.0
24874,1.0
24875,0.0
24876,1.0
24877,1.0
24878,1.0
24879,0.0
24880,1.0
24881,0.0
24882,0.0
24883,0.0
24884,1.0
24885,0.0
24886,0.0
24887,1.0
24888,0.0
24889,0.0
24890,0.0
24891,1.0
24892,1.0
24893,1.0
24894,0.0
24895,1.0
24896,0.0
24897,1.0
24898,0.0
24899,0.0
24900,1.0
24901,0.0
24902,1.0
24903,0.0
24904,1.0
24905,0.0
24906,1.0
24907,0.0
24908,1.0
24909,0.0
24910,1.0
24911,1.0
24912,1.0
24913,0.0
24914,1.0
24915,1.0
24916,0.0
24917,0.0
24918,0.0
24919,1.0
24920,0.0
24921,0.0
24922,0.0
24923,1.0
24924,1.0
24925,1.0
24926,1.0
24927,0.0
24928,1.0
24929,1.0
24930,1.0
24931,0.0
24932,0.0
24933,0.0
24934,0.0
24935,0.0
24936,0.0
24937,1.0
24938,1.0
24939,0.0
24940,0.0
24941,0.0
24942,1.0
24943,1.0
24944,1.0
24945,1.0
24946,1.0
24947,0.0
24948,1.0
24949,0.0
24950,1.0
24951,0.0
24952,0.0
24953,0.0
24954,0.0
24955,0.0
24956,1.0
24957,1.0
24958,0.0
24959,1.0
24960,1.0
24961,0.0
24962,0.0
24963,0.0
24964,0.0
24965,0.0
24966,0.0
24967,1.0
24968,0.0
24969,1.0
24970,1.0
24971,0.0
24972,1.0
24973,1.0
24974,0.0
24975,1.0
24976,1.0
24977,0.0
24978,1.0
24979,0.0
24980,0.0
24981,0.0
24982,0.0
24983,0.0
24984,1.0
24985,1.0
24986,1.0
24987,0.0
24988,0.0
24989,1.0
24990,1.0
24991,0.0
24992,0.0
24993,1.0
24994,0.0
24995,0.0
24996,0.0
24997,0.0
24998,1.0
24999,1.0
25000,0.0
25001,0.0
25002,1.0
25003,1.0
25004,1.0
25005,0.0
25006,0.0
25007,1.0
25008,1.0
25009,0.0
25010,1.0
25011,1.0
25012,0.0
25013,0.0
25014,1.0
25015,1.0
25016,0.0
25017,1.0
25018,1.0
25019,0.0
25020,1.0
25021,1.0
25022,1.0
25023,0.0
25024,1.0
25025,1.0
25026,0.0
25027,1.0
25028,1.0
25029,0.0
25030,0.0
25031,1.0
25032,0.0
25033,0.0
25034,0.0
25035,0.0
25036,0.0
25037,0.0
25038,1.0
25039,1.0
25040,0.0
25041,0.0
25042,1.0
25043,0.0
25044,0.0
25045,1.0
25046,1.0
25047,1.0
25048,0.0
25049,1.0
25050,1.0
25051,1.0
25052,0.0
25053,0.0
25054,1.0
25055,1.0
25056,1.0
25057,1.0
25058,0.0
25059,1.0
25060,0.0
25061,0.0
25062,1.0
25063,0.0
25064,1.0
25065,1.0
25066,1.0
25067,1.0
25068,1.0
25069,1.0
25070,0.0
25071,1.0
25072,0.0
25073,0.0
25074,1.0
25075,0.0
25076,0.0
25077,1.0
25078,1.0
25079,0.0
25080,0.0
25081,1.0
25082,0.0
25083,0.0
25084,1.0
25085,0.0
25086,1.0
25087,1.0
25088,1.0
25089,0.0
25090,1.0
25091,0.0
25092,1.0
25093,1.0
25094,1.0
25095,1.0
25096,1.0
25097,1.0
25098,0.0
25099,0.0
25100,1.0
25101,0.0
25102,1.0
25103,0.0
25104,1.0
25105,1.0
25106,0.0
25107,0.0
25108,1.0
25109,1.0
25110,0.0
25111,0.0
25112,0.0
25113,0.0
25114,1.0
25115,0.0
25116,0.0
25117,1.0
25118,1.0
25119,0.0
25120,0.0
25121,1.0
25122,0.0
25123,1.0
25124,1.0
25125,1.0
25126,1.0
25127,1.0
25128,0.0
25129,0.0
25130,1.0
25131,1.0
25132,0.0
25133,0.0
25134,1.0
25135,0.0
25136,0.0
25137,0.0
25138,1.0
25139,1.0
25140,0.0
25141,0.0
25142,0.0
25143,1.0
25144,1.0
25145,1.0
25146,0.0
25147,0.0
25148,0.0
25149,1.0
25150,0.0
25151,1.0
25152,1.0
25153,0.0
25154,1.0
25155,0.0
25156,0.0
25157,0.0
25158,1.0
25159,0.0
25160,0.0
25161,1.0
25162,0.0
25163,0.0
25164,1.0
25165,0.0
25166,0.0
25167,0.0
25168,0.0
25169,0.0
25170,1.0
25171,0.0
25172,1.0
25173,0.0
25174,1.0
25175,0.0
25176,0.0
25177,1.0
25178,1.0
25179,0.0
25180,0.0
25181,1.0
25182,1.0
25183,0.0
25184,1.0
25185,0.0
25186,1.0
25187,0.0
25188,1.0
25189,0.0
25190,0.0
25191,1.0
25192,1.0
25193,0.0
25194,1.0
25195,1.0
25196,0.0
25197,1.0
25198,1.0
25199,1.0
25200,0.0
25201,1.0
25202,1.0
25203,0.0
25204,1.0
25205,1.0
25206,0.0
25207,0.0
25208,1.0
25209,0.0
25210,0.0
25211,0.0
25212,1.0
25213,1.0
25214,1.0
25215,0.0
25216,0.0
25217,0.0
25218,0.0
25219,0.0
25220,0.0
25221,1.0
25222,1.0
25223,1.0
25224,1.0
25225,0.0
25226,1.0
25227,0.0
25228,0.0
25229,1.0
25230,0.0
25231,0.0
25232,0.0
25233,0.0
25234,1.0
25235,1.0
25236,1.0
25237,0.0
25238,1.0
25239,1.0
25240,1.0
25241,0.0
25242,0.0
25243,0.0
25244,0.0
25245,0.0
25246,1.0
25247,0.0
25248,1.0
25249,0.0
25250,1.0
25251,1.0
25252,1.0
25253,0.0
25254,0.0
25255,1.0
25256,1.0
25257,1.0
25258,1.0
25259,0.0
25260,0.0
25261,0.0
25262,0.0
25263,0.0
25264,0.0
25265,1.0
25266,0.0
25267,1.0
25268,0.0
25269,1.0
25270,0.0
25271,0.0
25272,1.0
25273,1.0
25274,0.0
25275,1.0
25276,0.0
25277,0.0
25278,1.0
25279,0.0
25280,1.0
25281,1.0
25282,1.0
25283,1.0
25284,1.0
25285,0.0
25286,1.0
25287,0.0
25288,1.0
25289,0.0
25290,0.0
25291,1.0
25292,0.0
25293,0.0
25294,0.0
25295,0.0
25296,1.0
25297,1.0
25298,1.0
25299,1.0
25300,0.0
25301,0.0
25302,0.0
25303,0.0
25304,0.0
25305,0.0
25306,1.0
25307,1.0
25308,0.0
25309,0.0
25310,1.0
25311,0.0
25312,0.0
25313,1.0
25314,1.0
25315,1.0
25316,0.0
25317,1.0
25318,0.0
25319,0.0
25320,0.0
25321,1.0
25322,0.0
25323,1.0
25324,0.0
25325,0.0
25326,0.0
25327,0.0
25328,0.0
25329,0.0
25330,1.0
25331,0.0
25332,1.0
25333,0.0
25334,0.0
25335,1.0
25336,1.0
25337,0.0
25338,0.0
25339,1.0
25340,0.0
25341,1.0
25342,0.0
25343,0.0
25344,1.0
25345,1.0
25346,1.0
25347,1.0
25348,0.0
25349,0.0
25350,1.0
25351,0.0
25352,0.0
25353,1.0
25354,0.0
25355,1.0
25356,0.0
25357,0.0
25358,1.0
25359,1.0
25360,1.0
25361,1.0
25362,0.0
25363,1.0
25364,0.0
25365,1.0
25366,0.0
25367,0.0
25368,0.0
25369,0.0
25370,0.0
25371,0.0
25372,0.0
25373,1.0
25374,0.0
25375,1.0
25376,0.0
25377,1.0
25378,0.0
25379,0.0
25380,1.0
25381,0.0
25382,1.0
25383,1.0
25384,0.0
25385,0.0
25386,1.0
25387,0.0
25388,0.0
25389,0.0
25390,0.0
25391,0.0
25392,0.0
25393,1.0
25394,0.0
25395,1.0
25396,1.0
25397,1.0
25398,0.0
25399,0.0
25400,1.0
25401,1.0
25402,1.0
25403,1.0
25404,1.0
25405,1.0
25406,1.0
25407,0.0
25408,0.0
25409,1.0
25410,1.0
25411,0.0
25412,0.0
25413,1.0
25414,0.0
25415,1.0
25416,0.0
25417,0.0
25418,0.0
25419,0.0
25420,1.0
25421,1.0
25422,0.0
25423,0.0
25424,1.0
25425,0.0
25426,1.0
25427,1.0
25428,1.0
25429,1.0
25430,1.0
25431,0.0
25432,0.0
25433,0.0
25434,0.0
25435,1.0
25436,0.0
25437,1.0
25438,0.0
25439,0.0
25440,1.0
25441,0.0
25442,0.0
25443,0.0
25444,0.0
25445,1.0
25446,0.0
25447,1.0
25448,0.0
25449,0.0
25450,0.0
25451,1.0
25452,0.0
25453,1.0
25454,0.0
25455,0.0
25456,0.0
25457,1.0
25458,0.0
25459,0.0
25460,0.0
25461,1.0
25462,0.0
25463,0.0
25464,1.0
25465,0.0
25466,1.0
25467,0.0
25468,1.0
25469,0.0
25470,0.0
25471,1.0
25472,0.0
25473,0.0
25474,1.0
25475,1.0
25476,0.0
25477,1.0
25478,0.0
25479,0.0
25480,1.0
25481,0.0
25482,1.0
25483,1.0
25484,0.0
25485,1.0
25486,1.0
25487,1.0
25488,0.0
25489,0.0
25490,0.0
25491,1.0
25492,1.0
25493,0.0
25494,0.0
25495,1.0
25496,1.0
25497,1.0
25498,1.0
25499,1.0
25500,0.0
25501,0.0
25502,1.0
25503,1.0
25504,0.0
25505,1.0
25506,1.0
25507,1.0
25508,1.0
25509,0.0
25510,1.0
25511,1.0
25512,1.0
25513,1.0
25514,0.0
25515,0.0
25516,1.0
25517,0.0
25518,0.0
25519,1.0
25520,1.0
25521,0.0
25522,0.0
25523,0.0
25524,1.0
25525,0.0
25526,1.0
25527,0.0
25528,0.0
25529,0.0
25530,0.0
25531,0.0
25532,0.0
25533,0.0
25534,0.0
25535,1.0
25536,1.0
25537,0.0
25538,1.0
25539,0.0
25540,0.0
25541,1.0
25542,0.0
25543,1.0
25544,1.0
25545,0.0
25546,0.0
25547,1.0
25548,0.0
25549,1.0
25550,0.0
25551,1.0
25552,0.0
25553,0.0
25554,0.0
25555,0.0
25556,1.0
25557,0.0
25558,1.0
25559,0.0
25560,0.0
25561,1.0
25562,1.0
25563,0.0
25564,0.0
25565,0.0
25566,1.0
25567,0.0
25568,1.0
25569,1.0
25570,1.0
25571,0.0
25572,1.0
25573,1.0
25574,0.0
25575,1.0
25576,1.0
25577,1.0
25578,0.0
25579,0.0
25580,0.0
25581,1.0
25582,0.0
25583,1.0
25584,1.0
25585,0.0
25586,0.0
25587,1.0
25588,0.0
25589,0.0
25590,0.0
25591,1.0
25592,0.0
25593,0.0
25594,0.0
25595,1.0
25596,0.0
25597,1.0
25598,1.0
25599,0.0
25600,0.0
25601,1.0
25602,0.0
25603,1.0
25604,0.0
25605,0.0
25606,0.0
25607,0.0
25608,1.0
25609,1.0
25610,0.0
25611,1.0
25612,0.0
25613,0.0
25614,1.0
25615,0.0
25616,0.0
25617,0.0
25618,0.0
25619,0.0
25620,1.0
25621,0.0
25622,1.0
25623,1.0
25624,1.0
25625,1.0
25626,1.0
25627,1.0
25628,0.0
25629,0.0
25630,1.0
25631,1.0
25632,1.0
25633,1.0
25634,1.0
25635,1.0
25636,0.0
25637,0.0
25638,0.0
25639,1.0
25640,1.0
25641,0.0
25642,0.0
25643,1.0
25644,0.0
25645,1.0
25646,0.0
25647,0.0
25648,0.0
25649,1.0
25650,0.0
25651,0.0
25652,0.0
25653,1.0
25654,0.0
25655,0.0
25656,1.0
25657,0.0
25658,1.0
25659,0.0
25660,0.0
25661,0.0
25662,1.0
25663,1.0
25664,0.0
25665,0.0
25666,1.0
25667,0.0
25668,0.0
25669,0.0
25670,0.0
25671,0.0
25672,1.0
25673,0.0
25674,0.0
25675,0.0
25676,0.0
25677,0.0
25678,1.0
25679,0.0
25680,0.0
25681,1.0
25682,1.0
25683,0.0
25684,0.0
25685,1.0
25686,1.0
25687,0.0
25688,1.0
25689,0.0
25690,0.0
25691,0.0
25692,0.0
25693,0.0
25694,1.0
25695,1.0
25696,0.0
25697,1.0
25698,0.0
25699,1.0
25700,1.0
25701,0.0
25702,1.0
25703,0.0
25704,0.0
25705,0.0
25706,1.0
25707,0.0
25708,1.0
25709,1.0
25710,1.0
25711,1.0
25712,1.0
25713,0.0
25714,1.0
25715,1.0
25716,0.0
25717,1.0
25718,1.0
25719,0.0
25720,1.0
25721,0.0
25722,0.0
25723,0.0
25724,1.0
25725,1.0
25726,1.0
25727,0.0
25728,0.0
25729,1.0
25730,1.0
25731,0.0
25732,1.0
25733,0.0
25734,1.0
25735,0.0
25736,0.0
25737,1.0
25738,0.0
25739,1.0
25740,1.0
25741,0.0
25742,0.0
25743,1.0
25744,0.0
25745,0.0
25746,0.0
25747,1.0
25748,0.0
25749,0.0
25750,0.0
25751,1.0
25752,1.0
25753,1.0
25754,0.0
25755,1.0
25756,1.0
25757,1.0
25758,0.0
25759,0.0
25760,0.0
25761,1.0
25762,1.0
25763,1.0
25764,1.0
25765,0.0
25766,0.0
25767,1.0
25768,1.0
25769,1.0
25770,0.0
25771,0.0
25772,1.0
25773,0.0
25774,0.0
25775,0.0
25776,0.0
25777,0.0
25778,0.0
25779,0.0
25780,1.0
25781,0.0
25782,1.0
25783,1.0
25784,0.0
25785,0.0
25786,0.0
25787,1.0
25788,1.0
25789,1.0
25790,0.0
25791,1.0
25792,0.0
25793,1.0
25794,0.0
25795,0.0
25796,0.0
25797,0.0
25798,0.0
25799,1.0
25800,1.0
25801,0.0
25802,1.0
25803,0.0
25804,0.0
25805,0.0
25806,0.0
25807,1.0
25808,0.0
25809,0.0
25810,1.0
25811,1.0
25812,0.0
25813,0.0
25814,1.0
25815,1.0
25816,0.0
25817,0.0
25818,1.0
25819,1.0
25820,1.0
25821,1.0
25822,1.0
25823,0.0
25824,1.0
25825,1.0
25826,1.0
25827,0.0
25828,0.0
25829,0.0
25830,0.0
25831,1.0
25832,0.0
25833,0.0
25834,0.0
25835,0.0
25836,1.0
25837,0.0
25838,0.0
25839,0.0
25840,0.0
25841,0.0
25842,1.0
25843,1.0
25844,1.0
25845,1.0
25846,1.0
25847,0.0
25848,0.0
25849,1.0
25850,1.0
25851,0.0
25852,0.0
25853,1.0
25854,0.0
25855,0.0
25856,0.0
25857,1.0
25858,0.0
25859,0.0
25860,0.0
25861,1.0
25862,0.0
25863,1.0
25864,0.0
25865,0.0
25866,1.0
25867,1.0
25868,0.0
25869,1.0
25870,0.0
25871,1.0
25872,0.0
25873,1.0
25874,1.0
25875,1.0
25876,0.0
25877,0.0
25878,0.0
25879,0.0
25880,0.0
25881,0.0
25882,0.0
25883,0.0
25884,0.0
25885,1.0
25886,0.0
25887,1.0
25888,1.0
25889,0.0
25890,1.0
25891,1.0
25892,1.0
25893,0.0
25894,0.0
25895,1.0
25896,1.0
25897,0.0
25898,1.0
25899,1.0
25900,1.0
25901,0.0
25902,0.0
25903,0.0
25904,0.0
25905,1.0
25906,0.0
25907,0.0
25908,0.0
25909,1.0
25910,0.0
25911,0.0
25912,1.0
25913,1.0
25914,1.0
25915,1.0
25916,0.0
25917,0.0
25918,1.0
25919,1.0
25920,1.0
25921,1.0
25922,1.0
25923,1.0
25924,0.0
25925,0.0
25926,0.0
25927,1.0
25928,0.0
25929,1.0
25930,0.0
25931,0.0
25932,1.0
25933,0.0
25934,1.0
25935,1.0
25936,1.0
25937,1.0
25938,0.0
25939,0.0
25940,1.0
25941,1.0
25942,0.0
25943,1.0
25944,1.0
25945,1.0
25946,1.0
25947,1.0
25948,0.0
25949,0.0
25950,1.0
25951,1.0
25952,1.0
25953,0.0
25954,1.0
25955,0.0
25956,0.0
25957,0.0
25958,1.0
25959,0.0
25960,0.0
25961,1.0
25962,0.0
25963,1.0
25964,0.0
25965,1.0
25966,0.0
25967,1.0
25968,0.0
25969,1.0
25970,1.0
25971,0.0
25972,1.0
25973,0.0
25974,1.0
25975,0.0
25976,0.0
25977,0.0
25978,0.0
25979,0.0
25980,0.0
25981,1.0
25982,1.0
25983,0.0
25984,0.0
25985,0.0
25986,1.0
25987,0.0
25988,0.0
25989,1.0
25990,0.0
25991,0.0
25992,1.0
25993,0.0
25994,0.0
25995,0.0
25996,0.0
25997,0.0
25998,1.0
25999,0.0
